"specimen_code","species_name"
"STL10208208","Amietina_larrochei__STL10208"
"AmppriUCE","Amphistomus_primonactus_Amppri_UCE"
"STL1009595","Anonychonitis_freyi__STL10095"
"Anop1COL892","Anoplostethus_sp_COL892"
"ApimmST003","Aphodius_immundus_ST003"
"STL10140140","Apotolamprus_aff_ambohitsitondronensi__STL10140"
"STL10197197","Apotolamprus_aff_latipennis__STL10197"
"STL10160160","Apotolamprus_aff_metallicus__STL10160"
"STL10198198","Apotolamprus_aff_sparsepunctatus__STL10198"
"STL10161161","Apotolamprus_perinetensis__STL10161"
"STL10139139","Apotolamprus_quadrimaculatus__STL10139"
"ApquaSTL5006","Apotolamprus_quadrinotatus_STL5006"
"ApospSTL30","Apotolamprus_sp__STL30"
"ApospSTL31","Apotolamprus_sp._morpho_1_STL31"
"STL10146146","Apotolamprus_sp1__STL10146"
"STL10135135","Apotolamprus_vadoni__STL10135"
"STL10325A26AO","Apterepilissus_ovalis__STL10325"
"STL10196196","Arachnodes_aff_metallicus__STL10196"
"STL10194194","Arachnodes_aff_robinsoni__STL10194"
"STL10195195","Arachnodes_aff_saprinoides__STL10195"
"STL10144144","Arachnodes_oberthuri__STL10144"
"ArpusSTL5015","Arachnodes_pusillus__STL5015"
"STL10143143","Arachnodes_saprinoides__STL10143"
"STL10151151","Arachnodes_saprinoides__STL10151"
"STL10216216","Arachnodes_sp__STL10216"
"Arac1STL45","Arachnodes_sp_morpho_2__STL37"
"Arac2STL37","Arachnodes_sp._morpho_1_STL45"
"Arac1STL5012","Arachnodes_sp1__STL5012"
"Arsp2STL5013","Arachnodes_sp2__STL5013"
"STL10218218","Arachnodes_sp3__STL10218"
"Arac4STL5016","Arachnodes_sp4_STL5016"
"STL10217217","Arachnodes_sp5__STL10217"
"STL10200200","Arachnodes_sp6__STL10200"
"STL10201201","Arachnodes_sp7_cf_insularis__STL10201"
"STL1007575","Bohepilissus_sp_sp1__STL10075"
"STL1027958","Bohepilissus_sp1__STL10279"
"STL1026854","Byrrhidium_namaquensis__STL10268"
"STL10300Bino","Caccobius_binodulus__STL10300"
"CaschST001","Caccobius_schereberi_ST001"
"CapauSTL27","Cambefortantus_pauliani__STL27"
"CapauSTL32","Cambefortantus_pauliani__STL32"
"STL10120120","Catharsius_cf_molossus__STL10120"
"Cath1STL10033","Catharsius_sp._STL10033"
"AnconSTL10035","Chalconotus_convexus__STL10035"
"STL1029412702","Chalconotus_convexus__STL10294"
"STL1009696","Cheironitis_scabrosus__STL10096"
"ChrresUCE","Chrysina_resplendens_Chrres_UCE"
"STL1027066","Circellium_bacchus__STL10270"
"STL1009999","Cleptocaccobius_viridicollis__STL10099"
"STL10258COPP","Copridaspidus_peregrinus__STL10258"
"CocinST005","Copris_(Paracopris)_sp._STL10022"
"CogilSTL10028","Copris_fidius_ST005"
"ConevSTL10021","Copris_gilleti__STL10028"
"Copr2STL10022","Copris_nevinsoni__STL10021"
"STL10245A23CD","Copris_sl_diversus__STL10245"
"Cosp2STL10025","Copris_sp2_STL10025"
"CouruSTL10024","Copris_urus__STL10024"
"CopbroUCE","Coptodactyla_brooksi_CopbroUCE"
"STL1003939","Coptorhina_klugii__STL10039"
"STL10112112","Cyptochirus_sp1__STL10112"
"STL1026955","Dicranocara_deschodti__STL10269"
"STL10213213","Digitonthophagus_gazella__STL10213"
"DiodudUCE","Diorygopyx_dudplodentatus_Diodud_UCE"
"DreproSTL10001","Drepanopodus_proximus_STL10001"
"STL1026563a","Dwesasilvasedis_medinae__STL10265"
"STL1004949","Endroedyolus_paradoxus__STL10049"
"Eoph1COL1054","Eophileurus_sp_COL1054"
"STL10134134","Epactoides_aff_Lissus__STL10134"
"STL10163163","Epactoides_aff_major__STL10163"
"STL10158158","Epactoides_aff_Semiaeneus__STL10158"
"STL10145145","Epactoides_femoralis__STL10145"
"EphanSTL29","Epactoides_hanski__STL29"
"STL10192192","Epactoides_jounii__STL10192"
"EpjouSTL33","Epactoides_jounii__STL33"
"EpmajSTL47","Epactoides_major__STL47"
"STL10154154","Epactoides_mangabeensis__STL10154"
"STL10141141","Epactoides_olsoufieffi__STL10141"
"STL10136136","Epactoides_semiaeneus__STL10136"
"Epac1STL5017","Epactoides_sp__STL5017"
"STL10157157","Epactoides_sp2__STL10157"
"STL10162162","Epactoides_sp3__STL10162"
"STL10180180","Epilissus_aff_antoetrae__STL10180"
"STL10184184","Epilissus_aff_morio_group__STL10184"
"STL10187187","Epilissus_aff_planatus__STL10187"
"STL10181181","Epilissus_aff_semilissus__STL10181"
"EpallSTL5009","Epilissus_alluaudi__STL5009"
"EpapoSTL5008","Epilissus_apotolamproides__STL5008"
"EpcupSTL5011","Epilissus_cuprarius_STL5011"
"EpfusSTL5010","Epilissus_fuscovirens__STL5010"
"EpmorSTL5007","Epilissus_morio__STL5007"
"Epil1STL26","Epilissus_sp_morpho_1__STL26"
"Epil2STL48","Epilissus_sp_morpho_2__STL48"
"STL10186186","Epilissus_sp1__STL10186"
"EpsplST008","Epilissus_splendidus_cf_delphinensis__STL10185"
"STL10185185","Epilissus_splendidus_splendidus_ST008"
"EpsilSTL10018","Epirinus_cf.silvestris_STL10018"
"STL10118118","Epirinus_flagellatus__STL10118"
"Epir1STL43","Epirinus_sp._1_STL43"
"STL10132132","Euoniticellus_fulvus__STL10132"
"STL10256Eusap","Eusaproecius_sp1__STL10256"
"STL1032256","Frankenbergerius_armatus__STL10322"
"FrarmSTL10002","Frankenbergerius_armatus_STL10002"
"STL1007777","Garreta_unicolor__STL10077"
"GeopaCOL3920","Geotrupes_opacus_COL3920"
"GesplCOL3901","Geotrupes_splendidus_COL3901"
"GrlupCNCCOLVG00004076","Grebennikovius_lupanganus_sp_n1__CNCCOLVG00004076"
"STL1009797","Gymnopleurus_aenescens__STL10097"
"GypumSTL10003","Gyronotus_pumilus_STL10003"
"STL1004747","Hammondantus_psammophilus__STL10047"
"STL1032151","Hammondantus_psammophilus__STL10321"
"HadepSTL10013","Hamonthophagus_depressus_STL10013"
"STL1026630","Haroldius_sp1__STL10266"
"STL1027384","Haroldius_sp2__STL10273"
"STL10332A19FU","Helictopleurus__cf._Furcicornis_STL10332"
"STL10324A01FF","Helictopleurus__fasciolatus_fasciolatus_STL10324"
"STL10334A02FO","Helictopleurus__fasciolatus_obscurus_STL10334"
"STL10333A03FP","Helictopleurus__fasciolatus_pseudofasciolatus_STL10333"
"STL10327A05NE","Helictopleurus__neuter_STL10327"
"STL10319A13NI","Helictopleurus__nicollei_STL10319"
"STL10329A17PE","Helictopleurus__perrieri_STL10329"
"STL10330A0651","Helictopleurus__sinuatocornis_STL10330"
"STL10331A11UN","Helictopleurus__undatus_STL10331"
"HeaurSTL5025","Helictopleurus_aurocupreus__STL5025"
"STL10250A30CM","Helictopleurus_cambeforti__STL10250"
"STL10249A29CA","Helictopleurus_carbonarius__STL10249"
"STL10211211","Helictopleurus_cf_steineri_n_sp_STL10211"
"STL10209209","Helictopleurus_coruscus__STL10209"
"STL10243A18CR","Helictopleurus_cribricollis__STL10243"
"STL10240A14DO","Helictopleurus_dorbignyi__STL10240"
"STL10234A04FS","Helictopleurus_fasciolatus_suturalis__STL10234"
"HefisSTL28","Helictopleurus_fissicollis__STL28"
"STL10246A24FA","Helictopleurus_fissicollis_australis__STL10246"
"STL10237A09FM","Helictopleurus_fissicollis_morettoi__STL10237"
"STL10168168","Helictopleurus_fulgens__STL10168"
"STL10239A12FP","Helictopleurus_fulgens_purpuricollis__STL10239"
"STL10169169","Helictopleurus_furcicornis__STL10169"
"STL10177177","Helictopleurus_giganteus__STL10177"
"STL10247A25HA","Helictopleurus_hanskii__STL10247"
"HemarSTL5026","Helictopleurus_marsyas__STL5026"
"HeneoSTL5024","Helictopleurus_neoamplicollis_STL5024"
"STL10238A10NI","Helictopleurus_nigricans__STL10238"
"HepeySTL5021","Helictopleurus_peyrierasi__STL5021"
"HepolSTL5029","Helictopleurus_politicollis_STL5029"
"HequaSTL5027","Helictopleurus_quadripunctatus__STL5027"
"STL10173173","Helictopleurus_rudicollis__STL10173"
"STL10242A16SE","Helictopleurus_semivirens__STL10242"
"HesicSTL5019","Helictopleurus_sicardi__STL5019"
"HesicST012","Helictopleurus_sicardi_ST012"
"HesicST013","Helictopleurus_sicardi_ST013"
"STL10248A28NS","Helictopleurus_sp__STL10248"
"STL10214214","Helictopleurus_sp_group_semivirens__STL10214"
"HesplSTL5020","Helictopleurus_splendidicollis__STL5020"
"STL10264A31ST","Helictopleurus_steineri__STL10264"
"HeuniSTL5030","Helictopleurus_unifasciatus__STL5030"
"STL10244A20VA","Helictopleurus_vadoni__STL10244"
"STL10241A15VI","Helictopleurus_viettei__STL10241"
"STL10236A08VP","Helictopleurus_viridans_pseudoviridans__STL10236"
"STL10235A07VV","Helictopleurus_viridans_viridans__STL10235"
"STL1027167","Heliocopris_sp__STL10271"
"STL1029212720","Heliocopris_sp__STL10292"
"HeragSTL10032","Heteronitis_ragazzii_STL10032"
"STL10313DYN","Hexodon_sp1__STL10313"
"STL10311HYBM","Hybosoridae_sp1_Madagascar__STL10311"
"STL10312HYBL","Hybosoridae_sp2_Laos__STL10312"
"HyillCOL4013","Hybosorus_illigeri_COL4013"
"Isch1COL1049","Ischiopsophra_sp_COL1049"
"STL10103103","Janssensantus_cf_inexpectatus__STL10103"
"JaineSTL10222","Janssensantus_cf_inexpectatus__STL10222"
"JaineSTL10221","Janssensantus_cf._inexpectatus_STL10221"
"STL10102102","Janssensantus_mabuensis_n_sp__STL10102"
"KhnigSTL10036","Kheper_nigroaeneus_STL10036"
"STL1004343","Kurtops_signatus__STL10043"
"Lamp1COL544","Lamprima_sp_COL544"
"Lepd1COL629","Lepidiota_sp_COL629"
"STL1029012727","Liatongus_sp__STL10290"
"Lipa1COL4004","Liparochrus_sp_COL4004"
"LimutSTL10027","Litocopris_muticus_STL10027"
"LucapCOL3897","Lucanus_capreolus_COL3897"
"STL1004040","Macroderes_foveatus__STL10040"
"STL1032862","Macroderes_sp1__STL10328"
"STL1029112724","Macronthophagus_diabolicus__STL10291"
"MarborUCE","Marronus_borbonicus_Marbor_UCE"
"STL10318MEGAB","Megalonitis_bohemani__STL10318"
"MeopaSTL10017","Metacatharsius_opacus_STL10017"
"Mesp1STL10007","Metacatharsius_sp1__STL10007"
"Micr1STL10023","Microcopris_sp1_STL10023"
"STL10137137","Nanos_aff_Bicoloratus__STL10137"
"STL10190190","Nanos_aff_humeralis__STL10190"
"STL10189189","Nanos_aff_mirjae__STL10189"
"STL10156156","Nanos_aff_Pseudominutus__STL10156"
"STL10142142","Nanos_aff_rubrosignatus__STL10142"
"STL10191191","Nanos_aff_viridissimus__STL10191"
"NadubST009","Nanos_aff_ST009"
"STL10155155","Nanos_bicoloratus__STL10155"
"NadubSTL5001","Nanos_dubitatus_STL5001"
"Nano2STL35","Nanos_morpho_2__STL35"
"NanspSTL39","Nanos_sp__STL39"
"STL10147147","Nanos_sp1__STL10147"
"STL10206206","Nanos_sp10__STL10206"
"STL10207207","Nanos_sp11__STL10207"
"STL10153153","Nanos_sp2__STL10153"
"STL10215215","Nanos_sp4__STL10215"
"STL10202202","Nanos_sp5__STL10202"
"Nano6STL5002","Nanos_sp6__STL5002"
"Nasp7STL5005","Nanos_sp7__STL5005"
"STL10204204","Nanos_sp8__STL10204"
"Nano9STL5004","Nanos_sp9__STL5004"
"NavadST011","Nanos_vadoni_ST011"
"STL52Nrot","Nesosisyphus__rotundatus_STL52"
"NepygSTL3","Nesosisyphus_pygmaeus__STL3"
"NeregSTL2","Nesosisyphus_regnardi__STL2"
"NevicSTL1","Nesosisyphus_vicinus__STL1"
"NevinSTL34","Nesovinsionia_vinsoni__STL34"
"NevinSTL4","Nesovinsionia_vinsoni__STL4"
"NicorbUCE","Nicrophorus_orbicollis_Nicorb_UCE"
"NicvesUCE","Nicrophorus_vespilloides_Nicves_UCE"
"Ochi1STL25","Ochichanton_sp1__STL25"
"STL1004848","Odontoloma_planatum__STL10048"
"STL1028843","Odontoloma_sp1__STL10288"
"Omor1COL3918","Omorgus_sp_COL3918"
"OncinST004","Oniticellus_cinctus_ST004"
"STL10119119","Oniticellus_planatus__STL10119"
"STL1004141","Onitis_alexis__STL10041"
"STL1004242","Onitis_caffer__STL10042"
"OnuncSTL10031","Onitis_uncinatus__STL10031"
"STL1008181","Onthophagus_Bicornonthophagus_interstitialis__STL10081"
"STL10298Muell","Onthophagus_cf_muelleri__STL10298"
"OnbicSTL10006","Onthophagus_cf.bicavifrons_STL10006"
"STL10109109","Onthophagus_Euonthophagus_flavimargo__STL10109"
"STL1008383","Onthophagus_Furconthophagus_variegatus__STL10083"
"STL10114114","Onthophagus_Gibbonthophagus_rectecornutus__STL10114"
"STL10308Water","Onthophagus_Hikidaeus_waterstradti__STL10308"
"STL10115115","Onthophagus_Micronthophagus_sp1__STL10115"
"STL10304Giellus1","Onthophagus_Onthophagiellus_cf_sp1__STL10304"
"STL10133133","Onthophagus_Palaeonthophagus_gibbulus__STL10133"
"STL10113113","Onthophagus_Paraphanaeomorphus_aff_phanaeiformis__STL10113"
"STL10111111","Onthophagus_Parascatonomus_tricornis__STL10111"
"OnpipSTL5018","Onthophagus_pipitzi__STL5018"
"OnproSTL10015","Onthophagus_probus_STL10015"
"STL10299Quasi","Onthophagus_Pseudophanaeomorphus_quasijohkii_aff__STL10299"
"STL10110110","Onthophagus_Serrophorus_seniculus__STL10110"
"STL1008484","Onthophagus_sl_baeri__STL10084"
"STL10301Bati","Onthophagus_sl_batillifer__STL10301"
"STL10306Borne","Onthophagus_sl_borneensis__STL10306"
"STL1004646","Onthophagus_sl_cf_quadrimaculatus__STL10046"
"STL10130130","Onthophagus_sl_giraffa__STL10130"
"STL10302Laevis","Onthophagus_sl_laevis__STL10302"
"STL10131131","Onthophagus_sl_lamelliger__STL10131"
"STL10100100","Onthophagus_sl_leucopygus__STL10100"
"STL10101101","Onthophagus_sl_pilosus__STL10101"
"STL10315ONTHM","Onthophagus_sl_sp1_cf_gr_STL10315"
"STL1008080","Onthophagus_sl_vinctus__STL10080"
"STL10307Vulpe","Onthophagus_sl_vulpes__STL10307"
"STL10305Obsc","Onthophagus_sstr_obscurior__STL10305"
"STL10303Sune2","Onthophagus_Sunenaga_streltsovi_cf__STL10303"
"OntauST002","Onthophagus_taurus_ST002"
"OntriSTL10225","Onycothechus_tricornigeris_STL10225"
"STL10310ORPH","Orphninae_sp1__STL10310"
"OryborUCE","Oryctes_borbonicus_Orybor_UCE"
"OryrhiUCE","Oryctes_rhinoceros_Oryrhi_UCE"
"STL10128128","Pachylomera_femoralis__STL10128"
"STL10127127","Pachysoma_hippocrates__STL10127"
"ParhoSTL10037","Panelus_rhodesiensis__STL10037"
"Pane3STL51","Panelus_sp3__STL51"
"STL1029312722","Paragymnopleurus_sp__STL10092"
"STL1009292","Paragymnopleurus_sp__STL10293"
"STL1009393","Paraphytus_cf_hindu__STL10093"
"STL1009191","Parascatonomus_anceyi__STL10091"
"STL1032336","Pedaria_sp__STL10323"
"Pesp1STL10016","Pedaria_sp1__STL10016"
"Peda2STL10019","Pedaria_sp2__STL10019"
"STL1004545","Phalops_flavocinctus__STL10045"
"PdejPH043","Phanaeus_dejeani_PH043"
"PopjapUCE","Popillia_japonica_Popjap_UCE"
"STL1007979","Proagoderus_cf_lanista__STL10079"
"STL1009898","Proagoderus_sapphirinus__STL10098"
"ProbreUCE","Protaetia_brevitarsis_Probre_UCE"
"STL1007676","Pycnopanelus_krikkeni__STL10076"
"SacosST007","Sarophorus_costatus_ST007"
"SacosSTL10011","Sarophorus_costatus_STL10011"
"SacosST006","Sarrophorus_costatus_ST006"
"STL10251Scapto","Scaptocnemis_segregis__STL10251"
"STL1004444","Scarabaeolus_intricatus__STL10044"
"STL10210210","Scarabaeus_n_sp1__STL10210"
"ScwesSTL10034","Scarabaeus_westwoodi_STL10034"
"STL10117117","Sceliages_hippias__STL10117"
"SchipSTL10030","Sceliages_hippias_STL10030"
"Sema1COL035","Semanopterus_sp_COL035"
"Sisy10STL42","Sisyphini_sp_morpho_10__STL42"
"Sisy1STL18","Sisyphini_sp_morpho1__STL18"
"Sisy6STL23","Sisyphini_sp_morpho6__STL23"
"Sisy8STL40","Sisyphini_sp_morpho8__STL40"
"SibarSTL8","Sisyphus_(Neosisyphus)__barbarossa__STL8"
"SicalSTL7","Sisyphus_(Neosisyphus)__calcaratus__STL7"
"SiinfSTL14","Sisyphus_(Neosisyphus)__infuscatus__STL14"
"SimirSTL11","Sisyphus_(Neosisyphus)__mirabilis__STL11"
"SirubSTL12","Sisyphus_(Neosisyphus)__rubrus__STL12"
"SispiSTL17","Sisyphus_(Neosisyphus)__spinipes_STL17"
"SiausSTL13","Sisyphus_australis__STL13"
"SigazSTL9","Sisyphus_gazanu_s__STL9"
"SiincSTL16","Sisyphus_inconspicuus__STL16"
"SimanSTL15","Sisyphus_manni__STL15"
"SimurSTL5","Sisyphus_muricatus__STL5"
"SischSTL44","Sisyphus_schaefferi_STL44"
"SisorSTL6","Sisyphus_sordidus_STL6"
"SiumbSTL10","Sisyphus_umbraphilus__STL10"
"STL10129129","Synapsis_sp__STL10129"
"Tanz1STL10223","Tanzanolus_sp1__STL10223"
"Tanz1STL10224","Tanzanolus_sp2__STL10224"
"TemlewUCE","Temnoplectron_lewisensis_Temlew_UCE"
"ThyrelUCE","Thyregis_relictus_Thyrel_UCE"
"Tric1COL1050","Trichaulax_sp_COL1050"
"TrydicUCE","Trypoxylus_dichotomus_Trydic_UCE"
"XidenSTL10004","Xinidium_dentilabris__STL10004"
"XidewSTL10008","Xinidium_dewitzi_STL10008"
"Xylo1COL066","Xylonichus_sp_COL066"
